<?xml version="1.0" encoding="UTF-8" ?>
<!DOCTYPE mapper
  PUBLIC "-//mybatis.org//DTD Mapper 3.0//EN"
  "https://mybatis.org/dtd/mybatis-3-mapper.dtd">
<mapper namespace="dao.MemberDAO">
    <!-- 로그인 -->
    <select id="login" parameterType="memberVO" resultType="memberVO">
        SELECT *
        FROM Customers
        WHERE customer_id = #{customer_id} AND password = #{password}
    </select>
    
    <!-- 회원가입 -->
    <insert id="signUp" parameterType="memberVO">
        INSERT INTO Customers (customer_id, password, customer_name, ssn, phone_number, email, address)
        VALUES (#{customer_id}, #{password}, #{customer_name}, #{ssn}, #{phone_number}, #{email}, #{address})
    </insert>
    
     <select id="getMemberById" parameterType="String" resultType="memberVO">
        SELECT * FROM Customers WHERE customer_id = #{id}
    </select>
    
    <update id="updateMember" parameterType="memberVO">
        UPDATE Customers
		SET password = #{password},
			customer_name = #{customer_name},
		    email = #{email},
		    phone_number = #{phone_number},
		    address = #{address}
		WHERE customer_id = #{customer_id}
    </update>
    
    <select id="findById" parameterType="string" resultType="memberVO">
        SELECT * FROM Customers WHERE customer_id = #{customer_id}
    </select>

    <delete id="delete" parameterType="string">
        DELETE FROM Customers WHERE customer_id = #{customer_id}
    </delete>
</mapper>
