<?xml version="1.0" encoding="UTF-8" ?>
<!DOCTYPE mapper PUBLIC "-//mybatis.org//DTD Mapper 3.0//EN" "http://mybatis.org/dtd/mybatis-3-mapper.dtd">

<mapper namespace="kr.ac.kopo.savings.dao.SavingsAccountDAO">
<insert id="savingsAccountRegister" parameterType="kr.ac.kopo.savings.vo.SavingsAccountVO">
    INSERT INTO INSTALLMENT_SAVINGS (savings_account_num, customer_id, savings_account_password, deposit_type, amount, product_number)
    VALUES (#{savings_account_num}, #{customer_id}, #{savings_account_password}, #{deposit_type}, #{amount}, #{product_number})
</insert>

    
    <select id="findAllSavingsAccounts" resultType="kr.ac.kopo.savings.vo.SavingsAccountVO">
        SELECT * FROM INSTALLMENT_SAVINGS
    </select>
    
    <select id="findSavingsAccountByNumber" parameterType="String" resultType="kr.ac.kopo.savings.vo.SavingsAccountVO">
        SELECT * FROM INSTALLMENT_SAVINGS WHERE savings_account_num = #{savings_account_num}
    </select>
    
    <update id="savingsDeposit" parameterType="map">
        UPDATE INSTALLMENT_SAVINGS SET amount = amount + #{amount} WHERE savings_account_num = #{savings_account_num}
    </update>
    
    <insert id="createSavings" parameterType="kr.ac.kopo.savings.vo.SavingsAccountVO">
        INSERT INTO INSTALLMENT_SAVINGS (deposit_type, amount)
        VALUES (#{deposit_type}, #{amount})
    </insert>
    <!-- resources/kr/ac/kopo/savings/dao/SavingsAccountMapper.xml -->
    
	<update id="updateSavingsAccount" parameterType="kr.ac.kopo.savings.vo.SavingsAccountVO">
	    UPDATE installment_savings 
	    SET deposit_type = #{deposit_type}, 
	        interest_rate = #{interest_rate}
	    WHERE deposit_type = #{deposit_type}
	</update>


    <!-- 다른 SQL 매핑들... -->
    
    <!-- 적금 기능, 시간에 따라 이자율에 따른 금액 증가 -->
	<update id="updateAllSavingsAccounts">
	    UPDATE INSTALLMENT_SAVINGS
	    SET amount = amount * (1 + interest_rate / 365)
	</update>

    <delete id="deleteSavings" parameterType="String">
        DELETE FROM INSTALLMENT_SAVINGS WHERE deposit_type = #{deposit_type}
    </delete>
    
    <!-- 적금 상품 종류 가져오기 -->
    <select id="getAllDepositTypes" resultType="string">
        SELECT deposit_type
        FROM installment_savings
    </select>
	
	<!-- 상품 번호 가져오기 -->
	<select id="getProductNumber" parameterType="string" resultType="int">
	    SELECT product_number
	    FROM (
	        SELECT product_number
	        FROM installment_savings
	        WHERE deposit_type = #{depositType}
	        ORDER BY open_date DESC
	    )
	    WHERE ROWNUM = 1
	</select>

    <select id="isAccountNumberExists" parameterType="string" resultType="int">
        SELECT COUNT(*)
        FROM installment_savings
        WHERE savings_account_num = #{accountNumber}
    </select>
</mapper>
