<?xml version="1.0" encoding="UTF-8" ?>
<!DOCTYPE mapper
  PUBLIC "-//mybatis.org//DTD Mapper 3.0//EN"
  "https://mybatis.org/dtd/mybatis-3-mapper.dtd">
<mapper namespace="dao.TransferDAO">

    <!-- 출금 계좌에서 잔액 감소 -->
    <update id="decreaseBalance" parameterType="kr.ac.kopo.transaction.vo.TransactionVO">
        UPDATE account
        SET account_MONEY = account_MONEY + #{amount}
        WHERE account_NUM = #{from_Account}
    </update>

    <!-- 입금 계좌에서 잔액 증가 -->
    <update id="increaseBalance" parameterType="kr.ac.kopo.transaction.vo.TransactionVO">
        UPDATE account
        SET account_MONEY = account_MONEY + #{amount}
        WHERE account_NUM = #{to_Account}
    </update>
    
    <!-- 트랜잭션 로그 저장 -->
    <!--  <insert id="saveTransaction" parameterType="kr.ac.kopo.transaction.vo.TransactionVO">
        INSERT INTO TRANSACTION_DETAILS (from_account, to_account, depositor_name, amount)
        VALUES (#{from_Account}, #{to_Account}, #{depositorName}, #{amount})
    </insert> -->
    
    <!-- 계좌번호로 계좌 정보 조회 -->
    <select id="getAccountByAccountNum" parameterType="string" resultType="kr.ac.kopo.account.vo.AccountVO">
        SELECT * FROM account WHERE account_NUM = #{accountNum}
    </select>
    
    <insert id="insertTransactionDetail">
        INSERT INTO Transaction_details (
            transaction_id,
            account_NUM,
            transaction_type,
            amount,
            transaction_date,
            Depositor_name,
            to_account,
            from_account
        ) VALUES (
            #{transactionId},
            #{account_Num},
            #{transactionType},
            #{amount},
            #{transactionDate},
            #{depositorName},
            #{to_Account},
            #{from_Account}
        )
    </insert>

</mapper>
